NMT,Hour,SEL,SEL,SEL,Leq,Leq,EPNL,EPNL,LASmax,LASmax,LAZ,LAZ
,,mean,max,count,mean,max,mean,max,mean,max,mean,max
MP01,0.0,78.69320175438597,98.7,456,65.87214912280702,88.0,78.84802631578947,99.6,70.07828947368421,94.7,69.61315789473684,90.5
MP01,1.0,77.99479638009049,98.4,442,65.28167420814479,82.3,78.24864253393666,98.3,69.4081447963801,89.3,69.00656108597285,89.8
MP01,2.0,77.0085501858736,96.9,269,64.43271375464684,80.2,77.21449814126395,96.4,68.27732342007434,85.5,67.94981412639405,88.4
MP01,3.0,76.0544776119403,100.4,268,63.35559701492537,81.8,76.34440298507462,98.9,67.23731343283582,86.8,67.06455223880597,92.7
MP01,4.0,76.61078717201165,92.2,343,64.27521865889213,75.6,77.1134110787172,94.0,67.80524781341109,81.0,67.82274052478134,85.1
MP01,5.0,76.48954081632654,96.5,392,64.65051020408163,78.4,77.16938775510205,96.9,67.93903061224489,85.4,67.60816326530613,89.1
MP01,6.0,81.87630421118793,100.2,1591,69.57630421118793,86.8,83.19346323067252,102.5,73.10201131363922,92.4,72.35241986172218,90.7
MP01,7.0,83.6318047337278,99.9,1352,71.46028106508876,85.3,85.34534023668638,101.1,74.94289940828402,89.0,74.10251479289941,89.0
MP01,8.0,82.19798807749628,98.0,1342,70.33070044709389,85.2,83.99605067064083,100.1,73.94694485842027,91.3,72.60983606557376,90.0
MP01,9.0,79.1810443490701,96.9,1398,67.26580829756796,78.4,81.09971387696709,98.3,71.1469957081545,86.3,69.59084406294707,88.4
MP01,10.0,78.98364269141531,107.5,1724,66.86293503480279,89.0,80.86977958236659,111.5,71.08573085846868,99.2,69.26351508120649,96.9
MP01,11.0,79.52254566210046,106.7,1752,67.53527397260274,88.3,81.42539954337899,107.1,71.86295662100456,102.2,69.73995433789953,93.8
MP01,12.0,80.25763645468203,129.3,1997,68.32403605408112,112.3,82.09734601902854,127.8,72.79394091136705,117.5,70.44697045568353,120.5
MP01,13.0,79.51976796073181,103.5,2241,67.83319946452477,86.7,81.49553770638109,108.7,72.1330655957162,94.8,69.6557786702365,97.6
MP01,14.0,78.56555615260612,102.3,1861,66.98151531434713,85.4,80.59484148307362,107.1,71.07512090274045,93.3,68.78398710370769,94.1
MP01,15.0,78.4841798941799,127.7,1890,66.9368253968254,111.3,80.43798941798941,126.1,70.90735449735449,111.5,68.81058201058201,116.0
MP01,16.0,78.69039395574742,101.1,1853,66.97587695628711,84.5,80.60118726389638,106.3,71.06103615758231,90.2,69.07533729087966,92.6
MP01,17.0,79.04347826086956,103.3,1656,67.32119565217391,85.1,80.97367149758453,105.3,71.45036231884058,91.5,69.40809178743962,96.5
MP01,18.0,79.07425802543914,109.0,1651,67.35511811023622,92.4,81.0205935796487,113.8,71.35057540884313,94.9,69.53391883706844,99.6
MP01,19.0,79.0429888084266,99.7,1519,67.08038183015142,83.8,80.6784068466096,103.4,71.15826201448321,89.5,69.62047399605004,91.2
MP01,20.0,78.95918699186993,97.8,1230,66.93325203252031,80.7,80.35821138211382,101.3,71.03170731707317,87.0,69.4950406504065,89.3
MP01,21.0,79.19637070641608,98.8,1543,66.799805573558,80.3,80.12177576150356,97.9,70.99526895657809,85.0,69.72592352559948,90.1
MP01,22.0,79.58813397129187,95.6,1045,66.72583732057416,80.6,80.38191387559809,95.2,71.01693779904306,86.2,70.03684210526316,87.7
MP01,23.0,80.52381835032438,96.2,1079,67.69490268767377,80.6,81.1495829471733,96.7,71.78572752548656,87.9,70.82344763670065,88.6
MP02,0.0,87.94056224899599,100.6,1494,73.38795180722892,84.4,89.90930388219545,103.4,78.54852744310575,92.7,77.76827309236948,90.2
MP02,1.0,88.9037711313394,101.5,1538,74.257022106632,85.7,90.92126137841352,104.4,79.68205461638492,93.4,78.6923276983095,91.1
MP02,2.0,88.26283185840707,102.0,678,73.71106194690265,86.1,90.44631268436578,105.2,78.98436578171092,95.0,78.12463126843657,91.1
MP02,3.0,87.94965986394558,101.2,588,73.42091836734694,84.9,90.32159863945579,104.3,78.58231292517007,93.3,77.79965986394558,90.5
MP02,4.0,88.29959394610557,101.1,2709,73.88693244739757,85.1,90.21971207087486,104.5,79.18892580287928,93.2,77.99132521225545,90.4
MP02,5.0,87.16533333333334,101.8,4650,72.80645161290323,85.4,88.95858064516129,104.2,78.00941935483871,93.9,76.97632258064516,91.0
MP02,6.0,87.14456355283308,101.2,3265,72.57415007656968,85.3,88.83791730474732,104.4,77.95035222052067,93.6,76.98147013782543,90.6
MP02,7.0,87.83259848211058,103.1,2767,73.1186483556198,86.3,89.61409468738707,104.9,78.673436935309,95.7,77.61423924828334,92.2
MP02,8.0,87.87764127764127,101.2,2849,73.26465426465427,84.3,89.69034749034749,103.9,78.73246753246752,93.3,77.66258336258336,90.5
MP02,9.0,87.16620583717358,103.8,1953,72.90967741935484,85.4,89.20670762928827,105.5,78.06041986687148,94.8,76.99677419354839,92.6
MP02,10.0,86.86749745676501,100.6,1966,72.60218718209562,85.1,88.75981688708036,103.4,77.84303153611394,93.3,76.7940996948118,90.0
MP02,11.0,87.36316,104.0,2500,72.95356,88.3,89.20016,105.5,78.26568,96.5,77.25796,94.0
MP02,12.0,87.03837298541826,107.0,2606,72.66293169608596,89.0,88.77175748273216,107.6,77.94658480429777,96.1,77.02501918649271,97.1
MP02,13.0,86.64571545715457,100.7,2439,72.33144731447314,85.9,88.35543255432555,104.0,77.57322673226733,93.2,76.65153751537515,90.2
MP02,14.0,86.78767520541325,102.0,2069,72.47868535524408,86.3,88.38559690671822,106.5,77.7466892218463,93.5,76.77520541324311,91.4
MP02,15.0,86.65680154142582,100.5,2595,72.36231213872833,84.6,88.29094412331406,103.3,77.5902119460501,92.5,76.6144894026975,90.3
MP02,16.0,87.07395015363606,102.1,2929,72.81140320928645,84.9,88.6647661317856,105.2,78.10850119494708,94.3,76.92683509730284,91.1
MP02,17.0,87.03295597484276,101.2,2385,72.70364779874214,85.9,88.59639412997903,104.3,78.01006289308177,93.6,76.90301886792453,90.5
MP02,18.0,87.20681586978637,102.2,1966,72.80834181078332,86.1,88.79771108850457,105.0,78.19028484231943,94.3,77.03860630722278,91.3
MP02,19.0,86.30451776649745,103.5,1970,71.79263959390863,87.4,87.99106598984771,106.0,77.02060913705584,94.9,76.33365482233502,92.8
MP02,20.0,86.78711246200608,102.4,1645,72.19659574468085,85.2,88.42595744680852,105.3,77.51762917933131,95.2,76.71446808510639,91.4
MP02,21.0,87.1808878856283,101.5,1329,72.50413844996238,85.3,88.7007524454477,104.0,77.90210684725356,94.0,77.12302483069978,91.1
MP02,22.0,87.52327586206897,102.4,1044,72.81752873563218,86.4,89.15287356321839,104.5,78.13726053639847,95.2,77.53132183908046,91.6
MP02,23.0,87.9152281134402,103.2,1622,73.41609124537608,85.8,89.83168927250308,103.8,78.58329223181258,95.0,77.72946979038224,93.1
MP03,0.0,80.33230519480519,93.7,1232,66.22264610389611,75.9,81.32021103896103,96.0,69.70941558441558,82.8,70.8375,83.8
MP03,1.0,82.21322115384616,94.3,1248,67.88405448717948,77.1,83.21065705128204,97.0,71.84134615384616,84.3,72.36554487179487,84.3
MP03,2.0,82.24819532908705,94.7,471,67.8692144373673,77.0,83.37940552016984,96.9,71.83991507430997,83.8,72.5303609341826,84.5
MP03,3.0,81.34562334217506,94.3,377,66.79363395225464,76.4,82.84164456233421,97.3,70.46551724137932,84.1,71.93554376657825,85.1
MP03,4.0,80.89723382045929,96.4,1916,66.98742171189978,79.9,81.82009394572025,98.5,70.7027139874739,87.9,71.03950939457204,85.4
MP03,5.0,80.21038098566935,94.0,2861,66.42603984620762,76.9,81.24557846906676,96.5,70.03226144704648,83.4,70.42202027263194,83.8
MP03,6.0,79.40676486633934,93.6,1833,65.30010911074741,75.1,80.99503546099291,95.7,68.79050736497545,82.6,70.1139661756683,83.9
MP03,7.0,80.37614638447972,94.8,2268,65.9052028218695,77.4,82.34201940035274,96.9,69.7155643738977,84.4,71.01926807760141,85.4
MP03,8.0,80.42096219931271,94.2,2910,66.26271477663231,76.1,81.83972508591066,99.3,70.01463917525773,83.0,70.89278350515464,87.8
MP03,9.0,80.11400516795867,94.3,1935,66.0777260981912,76.6,81.61850129198966,95.5,69.82527131782946,84.4,70.68847545219639,87.0
MP03,10.0,79.67167252636865,95.2,1991,65.69467604218985,78.1,81.08508287292817,100.2,69.40939226519338,83.1,70.38001004520342,87.5
MP03,11.0,79.8678872053872,94.6,2376,65.85606060606061,76.9,81.33085016835017,96.4,69.76864478114477,83.8,70.5702861952862,84.3
MP03,12.0,80.1799532892176,94.6,2569,66.05710393149086,76.2,81.53012845465162,95.8,70.191747761775,84.3,70.92970027247956,87.9
MP03,13.0,79.56157294213529,94.0,2454,65.44237978810106,75.7,80.92098614506928,96.8,69.44038304808477,83.5,70.47090464547678,84.9
MP03,14.0,79.7480487804878,96.1,2050,65.69253658536586,78.6,81.03843902439024,98.6,69.81634146341463,86.6,70.58073170731707,87.9
MP03,15.0,79.61076923076924,95.0,2470,65.62101214574899,76.1,80.96032388663967,95.0,69.64485829959514,83.1,70.4382995951417,87.4
MP03,16.0,79.63772024451636,101.2,2781,65.51003236245954,81.9,81.06914778856526,106.0,69.53606616325062,86.1,70.54120819848976,92.6
MP03,17.0,79.4992252681764,94.0,1678,65.26185935637663,74.9,81.3349821215733,96.1,69.39153754469606,82.8,70.44821215733016,84.7
MP03,18.0,80.17100977198697,94.0,1842,65.91270358306188,75.8,81.73398479913138,97.1,70.02464712269273,84.7,70.87350705754615,85.2
MP03,19.0,79.51994868505453,93.2,1559,65.21128928800513,76.8,80.9505452212957,94.7,69.17716484926234,83.5,70.49159717767799,84.8
MP03,20.0,80.30926517571885,94.4,1252,65.83410543130991,76.6,81.61421725239616,96.0,69.98130990415336,84.3,71.14840255591055,86.9
MP03,21.0,80.4521492295215,96.1,1233,66.05344687753447,77.6,81.35117599351176,97.0,70.16034063260341,85.1,71.21703163017033,86.5
MP03,22.0,81.22307692307692,94.6,1053,66.81016144349478,77.0,81.95631528964863,96.1,70.81576448243115,83.7,71.68974358974359,85.3
MP03,23.0,79.53016061867936,96.1,1681,65.34610350981559,79.3,80.51725163593099,97.7,68.7518738845925,86.7,70.3286734086853,86.4
